{
    // The version of the config file format.  Do not change, unless
    // you know what you are doing.
    "version": 1,
    // For other options, see the documentation
    // https://asv.readthedocs.io/en/stable/reference.html

    "project": "scikit-image",
    "project_url": "https://scikit-image.org/",
    "repo": ".",

    "branches": ["main"],
    "dvcs": "git",
    "environment_type": "conda",
    "install_timeout": 1200,
    "show_commit_url": "https://github.com/scikit-image/scikit-image/commit/",

    "pythons": ["3.7"],
    "matrix": {
         "cython": [],
         "numpy": ["1.17"],
         "scipy": [],
         "pooch": []
    },

    "env_dir": ".asv/env",
    "results_dir": ".asv/results",
    "html_dir": ".asv/html"
}
